[
    {
        "ip": "127.0.0.2",
        "text": "None",
        "time": "2021/03/27 09:17",
        "mid": -1,
        "from": -1,
        "next": -1
    },
    {
        "ip": "127.0.0.1",
        "text": "我是伞兵",
        "time": "2021/03/27 09:18",
        "mid": 1,
        "from": 1,
        "next": 2
    },
    {
        "ip": "127.0.0.1",
        "text": "你是伞兵",
        "time": "2021/03/27 09:19",
        "mid": 2,
        "from": 2,
        "next": 101
    }
]