[
    {
        "ip": "127.0.0.3",
        "text": "None",
        "time": "2021/03/27 09:20",
        "mid": -1,
        "from": -1,
        "next": -1
    },
    {
        "ip": "127.0.0.1",
        "text": "我是伞兵101",
        "time": "2021/03/27 09:21",
        "mid": 101,
        "from": 1,
        "next": 102
    },
    {
        "ip": "127.0.0.1",
        "text": "你是伞兵102",
        "time": "2021/03/27 09:22",
        "mid": 102,
        "from": 2,
        "next": 103
    },
    {
        "ip": "127.0.0.1",
        "text": "嘻嘻",
        "time": "2021/03/27 09:30",
        "mid": 103,
        "from": 1,
        "next": 104
    },
    {
        "ip": "127.0.0.1",
        "text": "json我操你妈",
        "time": "2021/03/27 09:55",
        "mid": 104,
        "from": 1,
        "next": 105
    },
    {
        "ip": "127.0.0.1",
        "text": "测试一下",
        "time": "2021/03/27 10:01",
        "mid": 105,
        "from": 1,
        "next": -1
    },
    {
        "ip": "127.0.0.1",
        "text": "话题[测试]由用户[1]建立",
        "time": "2021/03/28 16:48",
        "mid": 106,
        "from": 0,
        "next": 107
    },
    {
        "ip": "127.0.0.1",
        "text": "一楼",
        "time": "2021/03/28 16:57",
        "mid": 107,
        "from": 1,
        "next": -1
    },
    {
        "ip": "127.0.0.1",
        "text": "话题[测试二]由用户[1]建立",
        "time": "2021/03/28 16:57",
        "mid": 108,
        "from": 0,
        "next": -1
    }
]