{
    "total": 3,
    "tid": [
        {
            "name": "None",
            "regtime": "2021/3/21 8:33",
            "tid": -1,
            "belong": 0,
            "first": -1,
            "last": -1
        },
        {
            "name": "开发者测试帖一",
            "regtime": "2021/3/21 8:33",
            "tid": 1,
            "belong": 1,
            "first": 1,
            "last": 105
        },
        {
            "name": "测试",
            "regtime": "2021/03/28 16:48",
            "tid": 2,
            "belong": 1,
            "first": 106,
            "last": 107
        },
        {
            "name": "测试二",
            "regtime": "2021/03/28 16:57",
            "tid": 3,
            "belong": 1,
            "first": 108,
            "last": 108
        }
    ]
}